,Player,Position,GP,PM,Salary,Log_Salary,Average PM,Average_PM
0,AARON.EKBLAD,Defence,227,53,16850000,16.639861214762647,0.23348017621145375,0.23348017621145375
1,ADAM.HENRIQUE,Offense,431,-6,25150000,17.040368454510023,-0.013921113689095127,-0.013921113689095127
2,ADAM.LARSSON,Defence,353,-19,19032433,16.761655081862074,-0.053824362606232294,-0.053824362606232294
3,ADAM.LOWRY,Offense,236,-30,3128333,14.95601083278162,-0.1271186440677966,-0.1271186440677966
4,ADAM.MCQUAID,Defence,424,-9,16850001,16.639861274109823,-0.02122641509433962,-0.02122641509433962
5,ADAM.PARDY,Defence,341,-33,7660000,15.851522541716774,-0.0967741935483871,-0.0967741935483871
6,ADAM.PELECH,Defence,53,-9,3200000,14.978661367769956,-0.16981132075471697,-0.16981132075471697
7,ALEC.MARTINEZ,Defence,419,69,20312500,16.82674701805423,0.16467780429594273,0.16467780429594273
8,ALEKSANDER.BARKOV,Offense,252,66,19762500,16.799296760499864,0.2619047619047619,0.2619047619047619
9,ALES.HEMSKY,Offense,563,113,30812821,17.243441427562818,0.20071047957371227,0.20071047957371227
10,ALEX.CHIASSON,Offense,320,-4,4393334,15.295598950115583,-0.0125,-0.0125
11,ALEXEI.EMELIN,Defence,380,-107,20400000,16.831045458814444,-0.28157894736842104,-0.28157894736842104
12,ALEX.GALCHENYUK,Offense,336,72,17675000,16.68766176974691,0.21428571428571427,0.21428571428571427
13,ALEX.GOLIGOSKI,Defence,643,114,40324999,17.512482157177033,0.17729393468118196,0.17729393468118196
14,ALEX.OVECHKIN,Offense,758,603,95384620,18.373427907488914,0.7955145118733509,0.7955145118733509
15,ALEX.PETROVIC,Defence,161,-15,4215000,15.254160149418093,-0.09316770186335403,-0.09316770186335403
16,ALEX.PIETRANGELO,Defence,539,73,41449998,17.539998391294674,0.13543599257884972,0.13543599257884972
17,ALEX.TANGUAY,Offense,557,157,21700000,16.892822818510687,0.28186714542190305,0.28186714542190305
18,ANDERS.LEE,Offense,261,90,16012637,16.588888780966293,0.3448275862068966,0.3448275862068966
19,ANDREAS.ATHANASIOU,Offense,101,-2,2015833,14.51654306744061,-0.019801980198019802,-0.019801980198019802
20,ANDREAS.MARTINSEN,Offense,119,-22,640000,13.369223455335854,-0.18487394957983194,-0.18487394957983194
21,ANDRE.BENOIT,Defence,181,-24,1700000,14.346138809026444,-0.13259668508287292,-0.13259668508287292
22,ANDRE.BURAKOVSKY,Offense,196,51,7788332,15.868137274252305,0.2602040816326531,0.2602040816326531
23,ANDREI.MARKOV,Defence,579,197,46000000,17.64415195445337,0.34024179620034545,0.34024179620034545
24,ANDREJ.MESZAROS,Defence,480,-28,20535256,16.837653771815663,-0.058333333333333334,-0.058333333333333334
25,ANDREJ.NESTRASIL,Offense,128,17,912500,13.723943364438783,0.1328125,0.1328125
26,ANDREJ.SEKERA,Defence,645,-10,27430107,17.127151763744674,-0.015503875968992248,-0.015503875968992248
27,ANDREJ.SUSTR,Defence,274,-35,6283869,15.653496431545829,-0.12773722627737227,-0.12773722627737227
28,ANDREW.COGLIANO,Offense,786,-50,21303333,16.87437409731135,-0.06361323155216285,-0.06361323155216285
29,ANDREW.COPP,Offense,142,1,3850000,15.163583706263967,0.007042253521126761,0.007042253521126761
30,ANDREW.DESJARDINS,Offense,408,-73,3612661,15.099955177883773,-0.17892156862745098,-0.17892156862745098
31,ANDREW.FERENCE,Defence,494,-91,21150000,16.86715046345656,-0.18421052631578946,-0.18421052631578946
32,ANDREW.LADD,Offense,753,74,42400000,17.562658920202185,0.09827357237715803,0.09827357237715803
33,ANDREW.MACDONALD,Defence,472,-68,27248974,17.12052642698855,-0.1440677966101695,-0.1440677966101695
34,ANDREW.SHAW,Offense,390,110,16846666,16.639663331683597,0.28205128205128205,0.28205128205128205
35,ANDY.GREENE,Defence,629,-79,33475000,17.32630944954151,-0.12559618441971382,-0.12559618441971382
36,ANTHONY.BEAUVILLIER,Offense,66,4,1788334,14.396795018165337,0.06060606060606061,0.06060606060606061
37,ANTHONY.DUCLAIR,Offense,157,33,2745000,14.825291632925769,0.21019108280254778,0.21019108280254778
38,ANTOINE.ROUSSEL,Offense,340,-50,8612500,15.968725194304051,-0.14705882352941177,-0.14705882352941177
39,ANTOINE.VERMETTE,Offense,763,-67,28379435,17.16117532111181,-0.08781127129750983,-0.08781127129750983
40,ANTON.STRALMAN,Defence,621,74,29365000,17.19531404693876,0.11916264090177134,0.11916264090177134
41,ANTON.VOLCHENKOV,Defence,466,-109,20500000,16.835935444108635,-0.23390557939914164,-0.23390557939914164
42,ANZE.KOPITAR,Offense,768,256,77600000,18.167077985153448,0.3333333333333333,0.3333333333333333
43,ARTEM.ANISIMOV,Offense,553,46,28893333,17.179121434427636,0.08318264014466546,0.08318264014466546
44,ARTEMI.PANARIN,Offense,162,91,12812500,16.3659318148629,0.5617283950617284,0.5617283950617284
45,ARTTURI.LEHKONEN,Offense,73,6,1678332,14.333311001027447,0.0821917808219178,0.0821917808219178
46,AUSTIN.WATSON,Offense,140,-16,2775000,14.836161305162673,-0.11428571428571428,-0.11428571428571428
47,AUSTON.MATTHEWS,Offense,82,31,1850000,14.430696197054507,0.3780487804878049,0.3780487804878049
48,BARRET.JACKMAN,Defence,645,-138,23041667,16.95281474360521,-0.21395348837209302,-0.21395348837209302
49,BEN.CHIAROT,Defence,170,-31,4922580,15.409343341267878,-0.18235294117647058,-0.18235294117647058
50,BEN.HUTTON,Defence,146,-22,6496250,15.686735645304788,-0.1506849315068493,-0.1506849315068493
51,BEN.LOVEJOY,Defence,416,-27,12517472,16.34263598631535,-0.06490384615384616,-0.06490384615384616
52,BENOIT.POULIOT,Offense,548,103,22169916,16.914246792681393,0.18795620437956204,0.18795620437956204
53,BLAKE.COMEAU,Offense,636,-100,13950000,16.45099006623165,-0.15723270440251572,-0.15723270440251572
54,BLAKE.WHEELER,Offense,696,171,41775000,17.547808632445733,0.24568965517241378,0.24568965517241378
55,BOBBY.RYAN,Offense,669,218,55321666,17.82867517999789,0.32585949177877427,0.32585949177877427
56,BO.HORVAT,Offense,231,-70,12788334,16.36404390705664,-0.30303030303030304,-0.30303030303030304
57,BOONE.JENNER,Offense,267,23,7409666,15.818295922032375,0.08614232209737828,0.08614232209737828
58,BOYD.GORDON,Offense,569,-218,13211250,16.396579297305696,-0.38312829525483305,-0.38312829525483305
59,BRAD.BOYES,Offense,658,173,19116666,16.76607107799796,0.2629179331306991,0.2629179331306991
60,BRAD.MALONE,Offense,176,-42,1673154,14.330221025941805,-0.23863636363636365,-0.23863636363636365
61,BRAD.MARCHAND,Offense,534,162,35840000,17.394575146071002,0.30337078651685395,0.30337078651685395
62,BRAD.RICHARDS,Offense,635,196,40600001,17.5192786492025,0.30866141732283464,0.30866141732283464
63,BRAD.RICHARDSON,Offense,493,-81,12387499,16.33219837689384,-0.1643002028397566,-0.1643002028397566
64,BRAD.STUART,Defence,548,-154,29250000,17.19139013164214,-0.28102189781021897,-0.28102189781021897
65,BRADY.SKJEI,Defence,87,24,1850000,14.430696197054507,0.27586206896551724,0.27586206896551724
66,BRANDON.BOLLIG,Offense,241,-24,3650000,15.110237725558674,-0.0995850622406639,-0.0995850622406639
67,BRANDON.CARLO,Defence,82,-4,1578332,14.271879151160881,-0.04878048780487805,-0.04878048780487805
68,BRANDON.DUBINSKY,Offense,694,57,43900000,17.5974248780454,0.08213256484149856,0.08213256484149856
69,BRANDON.PRUST,Offense,476,-35,9600000,16.077273656438063,-0.07352941176470588,-0.07352941176470588
70,BRANDON.SAAD,Offense,368,105,26292501,17.08479432340998,0.28532608695652173,0.28532608695652173
71,BRANDON.SUTTER,Offense,596,-74,27675001,17.13604007269267,-0.12416107382550336,-0.12416107382550336
72,BRAYDEN.MCNABB,Defence,238,7,7200000,15.789591583986283,0.029411764705882353,0.029411764705882353
73,BRAYDEN.POINT,Offense,68,29,1373334,14.132751918094375,0.4264705882352941,0.4264705882352941
74,BRAYDEN.SCHENN,Offense,433,129,22985000,16.950352387222466,0.2979214780600462,0.2979214780600462
75,BRAYDON.COBURN,Defence,720,-99,33291936,17.32082576346252,-0.1375,-0.1375
76,BRENDAN.GALLAGHER,Offense,324,143,16530000,16.620687469797208,0.44135802469135804,0.44135802469135804
77,BRENDAN.LEIPSIC,Offense,6,1,650000,13.38472764187182,0.16666666666666666,0.16666666666666666
78,BRENDAN.PERLINI,Offense,57,5,1726666,14.361702939467095,0.08771929824561403,0.08771929824561403
79,BRENDAN.SMITH,Defence,309,-25,17600000,16.68340946000838,-0.08090614886731391,-0.08090614886731391
80,BRENDEN.DILLON,Defence,365,-58,14777634,16.50862537947917,-0.1589041095890411,-0.1589041095890411
81,BRENDEN.MORROW,Offense,499,122,19450000,16.783357628028728,0.24448897795591182,0.24448897795591182
82,BRENT.BURNS,Defence,692,171,55450000,17.83099227176065,0.24710982658959538,0.24710982658959538
83,BRENT.SEABROOK,Defence,772,117,56625000,17.85196114176747,0.15155440414507773,0.15155440414507773
84,BRETT.CONNOLLY,Offense,276,37,5062476,15.437366249644954,0.13405797101449277,0.13405797101449277
85,BRETT.PESCE,Defence,151,6,5643332,15.5459852291742,0.039735099337748346,0.039735099337748346
86,BRETT.RITCHIE,Offense,117,19,5269617,15.47746824235473,0.1623931623931624,0.1623931623931624
87,BRIAN.BOYLE,Offense,624,-86,17650000,16.68624634134358,-0.13782051282051283,-0.13782051282051283
88,BRIAN.CAMPBELL,Defence,753,235,51500125,17.757094792815487,0.31208499335989376,0.31208499335989376
89,BRIAN.DUMOULIN,Defence,163,-9,9800000,16.0978929436408,-0.05521472392638037,-0.05521472392638037
90,BRIAN.FLYNN,Offense,275,-56,2678024,14.800589767104972,-0.20363636363636364,-0.20363636363636364
91,BRIAN.GIONTA,Offense,696,68,37750000,17.446496033659308,0.09770114942528736,0.09770114942528736
92,BRIAN.LASHOFF,Defence,122,-40,725000,13.493926933836812,-0.32786885245901637,-0.32786885245901637
93,BROCK.MCGINN,Offense,78,-29,2586667,14.765880732357262,-0.3717948717948718,-0.3717948717948718
94,BROCK.NELSON,Offense,316,21,8612500,15.968725194304051,0.06645569620253164,0.06645569620253164
95,BROOKS.LAICH,Offense,613,-27,26633334,17.09767414709968,-0.04404567699836868,-0.04404567699836868
96,BROOKS.ORPIK,Defence,681,-47,46250000,17.649572021922708,-0.06901615271659324,-0.06901615271659324
97,BRYAN.BICKELL,Offense,392,30,13625001,16.427416971908073,0.07653061224489796,0.07653061224489796
98,BRYAN.LITTLE,Offense,672,87,36790999,17.420763780830256,0.12946428571428573,0.12946428571428573
99,CAL.CLUTTERBUCK,Offense,638,-81,22770833,16.94099102059431,-0.12695924764890282,-0.12695924764890282
100,CALLE.JARNKROK,Offense,248,-6,7560000,15.838381748155715,-0.024193548387096774,-0.024193548387096774
101,CAM.FOWLER,Defence,494,78,29300000,17.193098073987297,0.15789473684210525,0.15789473684210525
102,CARL.GUNNARSSON,Defence,493,-74,21030000,16.86146054767888,-0.15010141987829614,-0.15010141987829614
103,CARL.HAGELIN,Offense,407,21,21162500,16.86774130542353,0.051597051597051594,0.051597051597051594
104,CARLO.COLAIACOVO,Defence,396,53,9903585,16.108407370766876,0.13383838383838384,0.13383838383838384
105,CARL.SODERBERG,Offense,323,14,21016667,16.86082634756752,0.043343653250773995,0.043343653250773995
106,CASEY.CIZIKAS,Offense,349,-63,13636666,16.428272752349667,-0.18051575931232092,-0.18051575931232092
107,CEDRIC.PAQUETTE,Offense,180,-35,2891666,14.87734336458151,-0.19444444444444445,-0.19444444444444445
108,CHARLIE.COYLE,Offense,353,63,14600000,16.496532086678563,0.17847025495750707,0.17847025495750707
109,CHRIS.BUTLER,Defence,388,-55,5870536,15.585456499390299,-0.14175257731958762,-0.14175257731958762
110,CHRIS.KELLY,Offense,663,-151,19275000,16.774319477413666,-0.2277526395173454,-0.2277526395173454
111,CHRIS.KREIDER,Offense,323,132,19547051,16.78833498902778,0.4086687306501548,0.4086687306501548
112,CHRIS.KUNITZ,Offense,712,393,32175000,17.286700311446463,0.5519662921348315,0.5519662921348315
113,CHRIS.NEIL,Offense,642,-18,15200000,16.536805985816503,-0.028037383177570093,-0.028037383177570093
114,CHRIS.PHILLIPS,Defence,560,-193,21249999,16.871867406275875,-0.34464285714285714,-0.34464285714285714
115,CHRIS.PRONGER,Defence,299,79,21074287,16.86356422972592,0.26421404682274247,0.26421404682274247
116,CHRIS.STEWART,Offense,598,73,14976750,16.52200955657375,0.12207357859531773,0.12207357859531773
117,CHRIS.TANEV,Defence,348,-51,23100000,16.955343175492022,-0.14655172413793102,-0.14655172413793102
118,CHRIS.THORBURN,Offense,709,-86,9320001,16.047673293957907,-0.12129760225669958,-0.12129760225669958
119,CHRISTIAN.DVORAK,Offense,78,-1,1678332,14.333311001027447,-0.01282051282051282,-0.01282051282051282
120,CHRISTIAN.EHRHOFF,Defence,602,152,23700000,16.98098560610536,0.25249169435215946,0.25249169435215946
121,CHRIS.TIERNEY,Offense,201,-33,2158332,14.584846259120956,-0.16417910447761194,-0.16417910447761194
122,CHRIS.VANDEVELDE,Offense,278,-80,2720269,14.816241330441011,-0.28776978417266186,-0.28776978417266186
123,CHRIS.WIDEMAN,Defence,140,21,1600000,14.28551418721001,0.15,0.15
124,CLARKE.MACARTHUR,Offense,531,95,29450000,17.19820446806187,0.17890772128060264,0.17890772128060264
125,CLAUDE.GIROUX,Offense,656,223,54268334,17.809451447208332,0.3399390243902439,0.3399390243902439
126,CLAYTON.STONER,Defence,360,-54,16865500,16.64078067323676,-0.15,-0.15
127,CODY.CECI,Defence,284,-68,7600834,15.843768536078018,-0.23943661971830985,-0.23943661971830985
128,CODY.EAKIN,Offense,379,-55,16559444,16.622467131478512,-0.14511873350923482,-0.14511873350923482
129,CODY.FRANSON,Defence,527,65,14137438,16.46433701389734,0.12333965844402277,0.12333965844402277
130,CODY.HODGSON,Offense,328,-11,11833334,16.28643102211556,-0.03353658536585366,-0.03353658536585366
131,CODY.MCCORMICK,Offense,310,-41,6196154,15.63943933495502,-0.13225806451612904,-0.13225806451612904
132,CODY.MCLEOD,Offense,690,-76,10549998,16.17163622831287,-0.11014492753623188,-0.11014492753623188
133,COLIN.FRASER,Offense,358,-77,3175000,14.970818190308929,-0.21508379888268156,-0.21508379888268156
134,COLIN.GREENING,Offense,286,-3,7393818,15.816154803623432,-0.01048951048951049,-0.01048951048951049
135,COLIN.MCDONALD,Offense,148,-23,1611693,14.29279573726132,-0.1554054054054054,-0.1554054054054054
136,COLIN.MILLER,Defence,103,10,2000000,14.508657738524219,0.0970873786407767,0.0970873786407767
137,COLIN.WILSON,Offense,502,120,23500000,16.972510979114386,0.23904382470119523,0.23904382470119523
138,COLTON.PARAYKO,Defence,160,52,11858750,16.288576549689225,0.325,0.325
139,COLTON.SCEVIOUR,Offense,250,-24,3891154,15.174216329698002,-0.096,-0.096
140,COLTON.SISSONS,Offense,109,7,1875000,14.444119217386648,0.06422018348623854,0.06422018348623854
141,CONNOR.BROWN,Offense,89,6,4886666,15.402020829329013,0.06741573033707865,0.06741573033707865
142,CONNOR.CARRICK,Defence,120,-12,1500000,14.22097566607244,-0.1,-0.1
143,CONNOR.MCDAVID,Offense,127,75,14350000,16.479260500169904,0.5905511811023622,0.5905511811023622
144,CONNOR.MURPHY,Defence,258,-88,13726666,16.43485092232854,-0.34108527131782945,-0.34108527131782945
145,CONOR.SHEARY,Offense,105,35,6667500,15.712755535038307,0.3333333333333333,0.3333333333333333
146,COREY.PERRY,Offense,748,363,73050000,18.106654696160984,0.4852941176470588,0.4852941176470588
147,COREY.TROPP,Offense,149,-11,625000,13.345506928718539,-0.0738255033557047,-0.0738255033557047
148,CRAIG.ADAMS,Offense,562,-193,3850000,15.163583706263967,-0.34341637010676157,-0.34341637010676157
149,CRAIG.SMITH,Offense,437,95,21715000,16.89351382395106,0.21739130434782608,0.21739130434782608
150,CURTIS.GLENCROSS,Offense,497,17,10625806,16.17879612872115,0.03420523138832998,0.03420523138832998
151,CURTIS.LAZAR,Offense,180,-23,3688334,15.120685423549274,-0.12777777777777777,-0.12777777777777777
152,DAINIUS.ZUBRUS,Offense,603,35,20400000,16.831045458814444,0.05804311774461028,0.05804311774461028
153,DALE.WEISE,Offense,392,22,10589231,16.17534809926578,0.05612244897959184,0.05612244897959184
154,DALTON.PROUT,Defence,238,-55,5853846,15.582609439089168,-0.23109243697478993,-0.23109243697478993
155,DAMON.SEVERSON,Defence,203,-20,8939165,16.005952742340178,-0.09852216748768473,-0.09852216748768473
156,DAN.BOYLE,Defence,606,232,42333335,17.561085395124834,0.38283828382838286,0.38283828382838286
157,DAN.CLEARY,Offense,324,0,15450000,16.55311956130803,0.0,0.0
158,DAN.GIRARDI,Defence,754,-67,43572222,17.58993039518664,-0.08885941644562334,-0.08885941644562334
159,DAN.HAMHUIS,Defence,708,-86,36500000,17.41282281855272,-0.12146892655367232,-0.12146892655367232
160,DANIEL.PAILLE,Offense,538,-65,7175000,15.786113319609958,-0.120817843866171,-0.120817843866171
161,DANIEL.SEDIN,Offense,746,431,58500000,17.884537312202085,0.5777479892761395,0.5777479892761395
162,DANIEL.WINNIK,Offense,716,-122,11421719,16.251027276258373,-0.17039106145251395,-0.17039106145251395
163,DANNY.DEKEYSER,Defence,316,-68,20300000,16.826131444012017,-0.21518987341772153,-0.21518987341772153
164,DARNELL.NURSE,Defence,115,-38,1726666,14.361702939467095,-0.33043478260869563,-0.33043478260869563
165,DARREN.HELM,Offense,493,-78,22474444,16.927889399417513,-0.15821501014198783,-0.15821501014198783
166,DAVE.BOLLAND,Offense,432,5,33375000,17.323317674684688,0.011574074074074073,0.011574074074074073
167,DAVID.BACKES,Offense,752,174,45500000,17.633222883921178,0.23138297872340424,0.23138297872340424
168,DAVID.BOOTH,Offense,454,38,22350000,16.922336879023852,0.08370044052863436,0.08370044052863436
169,DAVID.CLARKSON,Offense,562,28,25857662,17.068117517321305,0.0498220640569395,0.0498220640569395
170,DAVID.DESHARNAIS,Offense,452,146,16550000,16.621896659787346,0.3230088495575221,0.3230088495575221
171,DAVID.JONES,Offense,462,-29,20175000,16.819954772120287,-0.06277056277056277,-0.06277056277056277
172,DAVID.KREJCI,Offense,698,254,56000000,17.840862248699423,0.3638968481375358,0.3638968481375358
173,DAVID.LEGWAND,Offense,652,17,24923077,17.031304719381488,0.02607361963190184,0.02607361963190184
174,DAVID.PASTRNAK,Offense,172,70,15183332,16.53570880518654,0.4069767441860465,0.4069767441860465
175,DAVID.PERRON,Offense,651,159,26162231,17.079827363791512,0.24423963133640553,0.24423963133640553
176,DAVID.SAVARD,Defence,326,11,16059275,16.591797122250952,0.03374233128834356,0.03374233128834356
177,DAVID.SCHLEMKO,Defence,359,2,10030645,16.121155464949272,0.005571030640668524,0.005571030640668524
178,DENIS.MALGIN,Offense,47,1,1380000,14.137594057133388,0.02127659574468085,0.02127659574468085
179,DENNIS.RASMUSSEN,Offense,112,-5,1300000,14.077874822431765,-0.044642857142857144,-0.044642857142857144
180,DENNIS.SEIDENBERG,Defence,653,-6,29999998,17.21670787295976,-0.009188361408882083,-0.009188361408882083
181,DENNIS.WIDEMAN,Defence,672,59,38062500,17.45474010343439,0.08779761904761904,0.08779761904761904
182,DEREK.DORSETT,Offense,494,-82,17121665,16.655855178621838,-0.1659919028340081,-0.1659919028340081
183,DEREK.FORBORT,Defence,96,-10,6350000,15.663965370868874,-0.10416666666666667,-0.10416666666666667
184,DEREK.GRANT,Offense,86,-46,650000,13.38472764187182,-0.5348837209302325,-0.5348837209302325
185,DEREK.MACKENZIE,Offense,507,-92,10475000,16.164502023772474,-0.1814595660749507,-0.1814595660749507
186,DEREK.ROY,Offense,543,111,20559139,16.83881612024245,0.20441988950276244,0.20441988950276244
187,DEREK.STEPAN,Offense,515,174,33790666,17.3356951684696,0.3378640776699029,0.3378640776699029
188,DERICK.BRASSARD,Offense,643,170,38621666,17.46932397230454,0.2643856920684292,0.2643856920684292
189,DERYK.ENGELLAND,Defence,469,-80,11950001,16.2962419200238,-0.17057569296375266,-0.17057569296375266
190,DEVANTE.SMITH-PELLY,Offense,265,-40,3755175,15.138645446621712,-0.1509433962264151,-0.1509433962264151
191,DEVIN.SETOGUCHI,Offense,515,121,12046667,16.304298582130418,0.23495145631067962,0.23495145631067962
192,DEVIN.SHORE,Offense,85,3,1740000,14.369395671190711,0.03529411764705882,0.03529411764705882
193,DION.PHANEUF,Defence,740,60,62795698,17.955397125907265,0.08108108108108109,0.08108108108108109
194,DMITRIJ.JASKIN,Offense,190,18,2578746,14.762813792227277,0.09473684210526316,0.09473684210526316
195,DMITRY.KULIKOV,Defence,507,-75,28466666,17.164244346671484,-0.14792899408284024,-0.14792899408284024
196,DMITRY.ORLOV,Defence,283,56,15494923,16.556022979846688,0.1978798586572438,0.1978798586572438
197,DOMINIC.MOORE,Offense,689,-173,8200000,15.919644712234481,-0.251088534107402,-0.251088534107402
198,DOUGIE.HAMILTON,Defence,341,85,25638333,17.059599172302512,0.24926686217008798,0.24926686217008798
199,DOUGLAS.MURRAY,Defence,448,-86,11500000,16.25785759333348,-0.19196428571428573,-0.19196428571428573
200,DRAKE.CAGGIULA,Offense,60,12,925000,13.737549016494562,0.2,0.2
201,DREW.DOUGHTY,Defence,688,173,57750000,17.871633907366178,0.251453488372093,0.251453488372093
202,DREW.MILLER,Offense,586,-164,7925000,15.885532877727618,-0.27986348122866894,-0.27986348122866894
203,DREW.STAFFORD,Offense,683,66,25945161,17.071495676199298,0.09663250366032211,0.09663250366032211
204,DUNCAN.KEITH,Defence,749,201,51321152,17.753613544848704,0.2683578104138852,0.2683578104138852
205,DUSTIN.BROWN,Offense,773,116,45250000,17.62771322811021,0.1500646830530401,0.1500646830530401
206,DUSTIN.BYFUGLIEN,Defence,724,172,54800000,17.819200751918245,0.23756906077348067,0.23756906077348067
207,DWIGHT.KING,Offense,365,-14,7916666,15.884480715566285,-0.038356164383561646,-0.038356164383561646
208,DYLAN.LARKIN,Offense,160,0,1850000,14.430696197054507,0.0,0.0
209,ELIAS.LINDHOLM,Offense,293,7,7462500,15.825401036682994,0.023890784982935155,0.023890784982935155
210,EMERSON.ETEM,Offense,173,-19,2277113,14.638418970516314,-0.10982658959537572,-0.10982658959537572
211,ERIC.BOULTON,Offense,384,-31,4227500,15.257121359754873,-0.08072916666666667,-0.08072916666666667
212,ERIC.FEHR,Offense,537,45,12771750,16.36274625855696,0.08379888268156424,0.08379888268156424
213,ERIC.GELINAS,Defence,189,25,2475000,14.721750953984929,0.13227513227513227,0.13227513227513227
214,ERIC.GRYBA,Defence,258,-40,5812500,15.575521328877748,-0.15503875968992248,-0.15503875968992248
215,ERIC.NYSTROM,Offense,590,-178,12887500,16.371768407307353,-0.3016949152542373,-0.3016949152542373
216,ERIC.STAAL,Offense,765,199,68250000,18.03868799202934,0.2601307189542484,0.2601307189542484
217,ERIK.CONDRA,Offense,366,-68,5000000,15.424948470398375,-0.18579234972677597,-0.18579234972677597
218,ERIK.GUDBRANSON,Defence,339,-143,13800000,16.440179150127435,-0.4218289085545723,-0.4218289085545723
219,ERIK.HAULA,Offense,266,4,8400000,15.943742263813542,0.015037593984962405,0.015037593984962405
220,ERIK.JOHNSON,Defence,575,-26,38200000,17.458346073576802,-0.04521739130434783,-0.04521739130434783
221,ERIK.KARLSSON,Defence,556,150,47250000,17.670963211904027,0.2697841726618705,0.2697841726618705
222,ESA.LINDELL,Defence,77,-19,5145883,15.453707535459644,-0.24675324675324675,-0.24675324675324675
223,EVANDER.KANE,Offense,496,-9,37243548,17.432989279733903,-0.018145161290322582,-0.018145161290322582
224,EVGENI.MALKIN,Offense,627,462,91000000,18.326370064481125,0.7368421052631579,0.7368421052631579
225,EVGENY.KUZNETSOV,Offense,261,116,22682500,16.937104260025922,0.4444444444444444,0.4444444444444444
226,FEDOR.TYUTIN,Defence,703,-105,31697916,17.27176149536153,-0.14935988620199148,-0.14935988620199148
227,FILIP.FORSBERG,Offense,264,62,20488334,16.835366208954312,0.23484848484848486,0.23484848484848486
228,FRANCOIS.BEAUCHEMIN,Defence,692,-204,36400000,17.41007933260697,-0.2947976878612717,-0.2947976878612717
229,FRANK.VATRANO,Offense,83,4,1585000,14.276094965293519,0.04819277108433735,0.04819277108433735
230,FRANS.NIELSEN,Offense,668,29,28325000,17.159255364878344,0.04341317365269461,0.04341317365269461
231,GABRIEL.BOURQUE,Offense,248,-34,2918333,14.886523120813528,-0.13709677419354838,-0.13709677419354838
232,GABRIEL.LANDESKOG,Offense,428,48,29707145,17.206898147230604,0.11214953271028037,0.11214953271028037
233,GREGORY.CAMPBELL,Offense,658,-147,9262500,16.041484548586478,-0.22340425531914893,-0.22340425531914893
234,GUSTAV.FORSLING,Defence,38,5,1745000,14.372265113618665,0.13157894736842105,0.13157894736842105
235,GUSTAV.NYQUIST,Offense,337,102,20658077,16.84361693891131,0.3026706231454006,0.3026706231454006
236,HAMPUS.LINDHOLM,Defence,302,83,18175834,16.715603467538774,0.27483443708609273,0.27483443708609273
237,HENRIK.SEDIN,Offense,765,426,58500000,17.884537312202085,0.5568627450980392,0.5568627450980392
238,HENRIK.ZETTERBERG,Offense,719,336,60833330,17.92364838752419,0.4673157162726008,0.4673157162726008
239,IAN.COLE,Defence,338,19,9056854,16.019032377099077,0.05621301775147929,0.05621301775147929
240,IVAN.PROVOROV,Defence,82,-29,1788334,14.396795018165337,-0.35365853658536583,-0.35365853658536583
241,JACCOB.SLAVIN,Defence,145,2,6785000,15.730224851251107,0.013793103448275862,0.013793103448275862
242,JACK.EICHEL,Offense,142,28,11850000,16.287838425545413,0.19718309859154928,0.19718309859154928
243,JACK.HILLEN,Defence,302,-41,3211827,14.98235049207522,-0.1357615894039735,-0.1357615894039735
244,JACK.JOHNSON,Defence,706,-74,33350000,17.322568330325907,-0.1048158640226629,-0.1048158640226629
245,JACK.SKILLE,Offense,368,-63,4498660,15.319290132618164,-0.17119565217391305,-0.17119565217391305
246,JACOB.JOSEFSON,Offense,276,-35,5925000,15.59469124498547,-0.12681159420289856,-0.12681159420289856
247,JACOB.TROUBA,Defence,271,-36,8213334,15.921269489130312,-0.13284132841328414,-0.13284132841328414
248,JADEN.SCHWARTZ,Offense,318,112,22410000,16.92501784577711,0.3522012578616352,0.3522012578616352
249,JAKE.DOTCHIN,Defence,35,10,1625000,14.301018373745976,0.2857142857142857,0.2857142857142857
250,JAKE.GARDINER,Defence,407,51,22000000,16.90655301132259,0.12530712530712532,0.12530712530712532
251,JAKE.GUENTZEL,Offense,40,14,1468332,14.199637620624872,0.35,0.35
252,JAKE.MCCABE,Defence,162,-26,5725000,15.560353107404577,-0.16049382716049382,-0.16049382716049382
253,JAKOB.CHYCHRUN,Defence,68,-18,925000,13.737549016494562,-0.2647058823529412,-0.2647058823529412
254,JAKOB.SILFVERBERG,Offense,342,32,16713833,16.631747257869815,0.0935672514619883,0.0935672514619883
255,JAKUB.KINDL,Defence,331,42,11529999,16.26046280551497,0.1268882175226586,0.1268882175226586
256,JAKUB.VORACEK,Offense,685,259,45690855,17.637408726430685,0.3781021897810219,0.3781021897810219
257,JAMES.NEAL,Offense,631,282,36571667,17.41478437289852,0.4469096671949287,0.4469096671949287
258,JAMES.SHEPPARD,Offense,393,-31,2776798,14.836809023275926,-0.07888040712468193,-0.07888040712468193
259,JAMES.WISNIEWSKI,Defence,482,25,32712365,17.303263698949202,0.05186721991701245,0.05186721991701245
260,JAMIE.BENN,Offense,584,168,46510000,17.65517790120028,0.2876712328767123,0.2876712328767123
261,JAMIE.MCBAIN,Defence,348,32,6669462,15.713049754968475,0.09195402298850575,0.09195402298850575
262,JAMIE.MCGINN,Offense,522,-25,21443332,16.880924292539685,-0.04789272030651341,-0.04789272030651341
263,JAN.HEJDA,Defence,587,-187,17000000,16.64872390202049,-0.3185689948892675,-0.3185689948892675
264,JANNIK.HANSEN,Offense,580,-20,14425000,16.484473370358437,-0.034482758620689655,-0.034482758620689655
265,JARED.BOLL,Offense,568,-49,10438332,16.16099535753922,-0.08626760563380281,-0.08626760563380281
266,JARED.COWEN,Defence,249,-88,8145000,15.912914800018283,-0.3534136546184739,-0.3534136546184739
267,JARED.SPURGEON,Defence,448,83,24615835,17.018900493004125,0.18526785714285715,0.18526785714285715
268,JAROME.IGINLA,Offense,775,291,43133332,17.579806620451063,0.37548387096774194,0.37548387096774194
269,JAROMIR.JAGR,Offense,520,234,15896774,16.581626753523114,0.45,0.45
270,JARRET.STOLL,Offense,667,15,21350000,16.87656229763891,0.022488755622188907,0.022488755622188907
271,JASON.CHIMERA,Offense,741,-50,17625000,16.684828906662606,-0.06747638326585695,-0.06747638326585695
272,JASON.DEMERS,Defence,504,54,23718333,16.98175885137796,0.10714285714285714,0.10714285714285714
273,JASON.GARRISON,Defence,530,-16,25225000,17.043346124203946,-0.03018867924528302,-0.03018867924528302
274,JASON.POMINVILLE,Offense,762,214,53705000,17.799016665014285,0.28083989501312334,0.28083989501312334
275,JASON.SPEZZA,Offense,664,269,72000000,18.09217667698033,0.40512048192771083,0.40512048192771083
276,JASON.ZUCKER,Offense,248,21,7043082,15.767556416425638,0.0846774193548387,0.0846774193548387
277,JAY.BEAGLE,Offense,392,-52,9850000,16.10298201314827,-0.1326530612244898,-0.1326530612244898
278,JAY.BOUWMEESTER,Defence,764,-123,60400000,17.916499662905043,-0.16099476439790575,-0.16099476439790575
279,JAY.HARRISON,Defence,358,-80,5400000,15.501909511534503,-0.22346368715083798,-0.22346368715083798
280,JAY.MCCLEMENT,Offense,758,-322,10750000,16.190416312537945,-0.42480211081794195,-0.42480211081794195
281,JEAN-GABRIEL.PAGEAU,Offense,251,-32,8630835,15.970851813883154,-0.12749003984063745,-0.12749003984063745
282,JEFF.CARTER,Offense,734,228,52181816,17.77024463967362,0.3106267029972752,0.3106267029972752
283,JEFF.PETRY,Defence,445,-119,27027822,17.112377337869603,-0.26741573033707866,-0.26741573033707866
284,JEFF.SCHULTZ,Defence,371,-21,8965000,16.00883866502137,-0.05660377358490566,-0.05660377358490566
285,JEFF.SKINNER,Offense,497,67,36150000,17.403187506569047,0.13480885311871227,0.13480885311871227
286,JESPER.FAST,Offense,216,-29,6296801,15.655552284621189,-0.13425925925925927,-0.13425925925925927
287,JESSE.WINCHESTER,Offense,285,-49,2950000,14.897315728316002,-0.17192982456140352,-0.17192982456140352
288,JIMMY.HAYES,Offense,301,14,8815706,15.99204546136141,0.046511627906976744,0.046511627906976744
289,JIMMY.VESEY,Offense,80,-1,925000,13.737549016494562,-0.0125,-0.0125
290,JIRI.HUDLER,Offense,615,194,20875000,16.854062828701192,0.3154471544715447,0.3154471544715447
291,JIRI.SEKAC,Offense,108,2,925000,13.737549016494562,0.018518518518518517,0.018518518518518517
292,JIRI.TLUSTY,Offense,445,15,6576235,15.698972951089369,0.033707865168539325,0.033707865168539325
293,JOAKIM.ANDERSSON,Offense,205,-49,2280000,14.639686000930624,-0.23902439024390243,-0.23902439024390243
294,JOAKIM.NORDSTROM,Offense,207,-42,3564677,15.086584004640272,-0.2028985507246377,-0.2028985507246377
295,JOE.COLBORNE,Offense,295,-26,5650000,15.547166103122624,-0.08813559322033898,-0.08813559322033898
296,JOEL.EDMUNDSON,Defence,136,-1,2100000,14.557447902693651,-0.007352941176470588,-0.007352941176470588
297,JOEL.WARD,Offense,662,-17,24825000,17.02736176789551,-0.0256797583081571,-0.0256797583081571
298,JOE.PAVELSKI,Offense,758,348,47637500,17.679130824164254,0.45910290237467016,0.45910290237467016
299,JOE.THORNTON,Offense,772,507,63650000,17.96890988296769,0.6567357512953368,0.6567357512953368
300,JOE.VITALE,Offense,234,-59,4962501,15.417420405488897,-0.25213675213675213,-0.25213675213675213
301,JOFFREY.LUPUL,Offense,463,106,38000000,17.45309671769066,0.22894168466522677,0.22894168466522677
302,JOHAN.FRANZEN,Offense,452,231,31636360,17.269817649997844,0.5110619469026548,0.5110619469026548
303,JOHAN.LARSSON,Offense,178,-6,4700000,15.363073066680286,-0.033707865168539325,-0.033707865168539325
304,JOHN.CARLSON,Defence,526,55,25491668,17.053862211637806,0.10456273764258556,0.10456273764258556
305,JOHN.KLINGBERG,Defence,221,126,17000000,16.64872390202049,0.5701357466063348,0.5701357466063348
306,JOHN-MICHAEL.LILES,Defence,604,104,28271795,17.157375222524948,0.17218543046357615,0.17218543046357615
307,JOHN.MITCHELL,Offense,548,-62,9462500,16.062847176727843,-0.11313868613138686,-0.11313868613138686
308,JOHN.MOORE,Defence,366,-53,7622127,15.846566022570489,-0.1448087431693989,-0.1448087431693989
309,JOHNNY.BOYCHUK,Defence,529,70,38350001,17.46226511185316,0.1323251417769376,0.1323251417769376
310,JOHNNY.GAUDREAU,Offense,232,101,22950000,16.948828494470828,0.4353448275862069,0.4353448275862069
311,JOHN.ODUYA,Defence,6,-3,29125000,17.18710746985014,-0.5,-0.5
312,JOHN.SCOTT,Defence,286,-21,3575000,15.089475734110245,-0.07342657342657342,-0.07342657342657342
313,JOHN.TAVARES,Offense,586,221,34800000,17.365127944744703,0.3771331058020478,0.3771331058020478
314,JONAS.BRODIN,Defence,331,-11,18879998,16.75361361274942,-0.03323262839879154,-0.03323262839879154
315,JONATHAN.DROUIN,Offense,164,43,12788334,16.36404390705664,0.2621951219512195,0.2621951219512195
316,JONATHAN.ERICSSON,Defence,529,-121,32800000,17.305939073354374,-0.22873345935727787,-0.22873345935727787
317,JONATHAN.HUBERDEAU,Offense,303,66,20725834,16.846891499430498,0.21782178217821782,0.21782178217821782
318,JONATHAN.TOEWS,Offense,717,392,74350000,18.124294230870436,0.5467224546722455,0.5467224546722455
319,JON.MERRILL,Defence,216,-52,3955000,15.19049115918389,-0.24074074074074073,-0.24074074074074073
320,JOONAS.DONSKOI,Offense,136,16,4725000,15.36837811890998,0.11764705882352941,0.11764705882352941
321,JORDAN.EBERLE,Offense,507,97,37690666,17.44492303555682,0.1913214990138067,0.1913214990138067
322,JORDAN.MARTINOOK,Offense,166,-62,4825000,15.389321292755223,-0.37349397590361444,-0.37349397590361444
323,JORDAN.NOLAN,Offense,292,-14,5313334,15.48573006812874,-0.04794520547945205,-0.04794520547945205
324,JORDAN.STAAL,Offense,682,-9,52000000,17.7667542765457,-0.013196480938416423,-0.013196480938416423
325,JORDIE.BENN,Defence,315,-69,5400000,15.501909511534503,-0.21904761904761905,-0.21904761904761905
326,JORDIN.TOOTOO,Offense,554,-36,7500000,15.830413578506539,-0.06498194945848375,-0.06498194945848375
327,JORI.LEHTERA,Offense,218,67,16850000,16.639861214762647,0.3073394495412844,0.3073394495412844
328,JOSH.ANDERSON,Offense,96,10,4378333,15.292178616301195,0.10416666666666667,0.10416666666666667
329,JOSH.BAILEY,Offense,596,30,20350000,16.828591469852878,0.050335570469798654,0.050335570469798654
330,JOSH.GORGES,Defence,646,-164,28100000,17.151280134303974,-0.25386996904024767,-0.25386996904024767
331,JOSH.JOORIS,Offense,173,-24,2350000,14.669925886120343,-0.13872832369942195,-0.13872832369942195
332,JOSH.MANSON,Defence,181,-1,6675000,15.713879762250587,-0.0055248618784530384,-0.0055248618784530384
333,J.T..BROWN,Offense,262,-24,4400000,15.29711509888849,-0.0916030534351145,-0.0916030534351145
334,J.T..MILLER,Offense,278,32,7927271,15.885819398190906,0.11510791366906475,0.11510791366906475
335,JUSSI.JOKINEN,Offense,726,111,26288278,17.084633694370645,0.15289256198347106,0.15289256198347106
336,JUSTIN.ABDELKADER,Offense,544,14,22265000,16.91852649673794,0.025735294117647058,0.025735294117647058
337,JUSTIN.BRAUN,Defence,447,-49,19612500,16.791677676023426,-0.10961968680089486,-0.10961968680089486
338,JUSTIN.FAULK,Defence,401,-37,25846665,17.0676921370561,-0.09226932668329177,-0.09226932668329177
339,JUSTIN.FONTAINE,Offense,197,17,1000000,13.815510557964274,0.08629441624365482,0.08629441624365482
340,JUSTIN.SCHULTZ,Defence,344,50,20900000,16.855259716935038,0.14534883720930233,0.14534883720930233
341,JUSTIN.WILLIAMS,Offense,658,218,37100000,17.429127527577663,0.331306990881459,0.331306990881459
342,JYRKI.JOKIPAKKA,Defence,150,-10,1800000,14.403297222866392,-0.06666666666666667,-0.06666666666666667
343,KARL.ALZNER,Defence,591,-104,25645000,17.059859178805507,-0.17597292724196278,-0.17597292724196278
344,KEITH.BALLARD,Defence,453,-56,19800000,16.801192495664765,-0.12362030905077263,-0.12362030905077263
345,KEITH.YANDLE,Defence,735,192,43042741,17.577704156734242,0.2612244897959184,0.2612244897959184
346,KEVAN.MILLER,Defence,217,8,9100000,16.02378497148708,0.03686635944700461,0.03686635944700461
347,KEVIN.BIEKSA,Defence,628,29,38500000,17.466168799258014,0.04617834394904458,0.04617834394904458
348,KEVIN.CONNAUTON,Defence,187,12,3216038,14.983660725131585,0.06417112299465241,0.06417112299465241
349,KEVIN.HAYES,Offense,234,39,6100000,15.623799329143539,0.16666666666666666,0.16666666666666666
350,KEVIN.KLEIN,Defence,622,-123,14619487,16.497865922750986,-0.1977491961414791,-0.1977491961414791
351,KEVIN.LABANC,Offense,54,12,1435000,14.176675407175859,0.2222222222222222,0.2222222222222222
352,KEVIN.PORTER,Offense,249,-27,3001750,14.914706009892964,-0.10843373493975904,-0.10843373493975904
353,KEVIN.SHATTENKIRK,Defence,490,191,32050000,17.282807741330952,0.38979591836734695,0.38979591836734695
354,KLAS.DAHLBECK,Defence,137,-56,1600000,14.28551418721001,-0.40875912408759124,-0.40875912408759124
355,KRIS.LETANG,Defence,595,210,50873333,17.74484943460543,0.35294117647058826,0.35294117647058826
356,KRIS.RUSSELL,Defence,640,73,22250000,16.917852566576524,0.1140625,0.1140625
357,KRIS.VERSTEEG,Offense,619,120,29549999,17.201594267975434,0.1938610662358643,0.1938610662358643
358,KYLE.BRODZIAK,Offense,750,-185,14749999,16.50675357295349,-0.24666666666666667,-0.24666666666666667
359,KYLE.CHIPCHURA,Offense,482,-89,5000000,15.424948470398375,-0.18464730290456433,-0.18464730290456433
360,KYLE.CLIFFORD,Offense,486,-12,9970000,16.11509114193802,-0.024691358024691357,-0.024691358024691357
361,KYLE.OKPOSO,Offense,593,120,33643332,17.331325436915503,0.20236087689713322,0.20236087689713322
362,KYLE.PALMIERI,Offense,360,82,20400001,16.83104550783405,0.22777777777777777,0.22777777777777777
363,KYLE.QUINCEY,Defence,561,-44,24075000,16.996684515648464,-0.0784313725490196,-0.0784313725490196
364,KYLE.TURRIS,Offense,532,103,26300000,17.085079497147994,0.19360902255639098,0.19360902255639098
365,LADISLAV.SMID,Defence,506,-186,20417949,16.831924924911917,-0.3675889328063241,-0.3675889328063241
366,LANCE.BOUMA,Offense,304,-71,8171667,15.916183485190713,-0.23355263157894737,-0.23355263157894737
367,LARS.ELLER,Offense,523,-52,18340666,16.724631338200865,-0.0994263862332696,-0.0994263862332696
368,LAURI.KORPIKOSKI,Offense,609,-160,15000000,16.523560759066484,-0.2627257799671593,-0.2627257799671593
369,LEE.STEMPNIAK,Offense,733,73,15366046,16.54767082802752,0.09959072305593451,0.09959072305593451
370,LEO.KOMAROV,Offense,253,-18,8850000,15.995928016984113,-0.07114624505928854,-0.07114624505928854
371,LEON.DRAISAITL,Offense,191,41,18850000,16.752023471858294,0.21465968586387435,0.21465968586387435
372,LINDEN.VEY,Offense,138,1,1735000,14.366517971363097,0.007246376811594203,0.007246376811594203
373,LOGAN.COUTURE,Offense,503,199,37383332,17.43673549459586,0.3956262425447316,0.3956262425447316
374,LOGAN.SHAW,Offense,108,-6,1310000,14.085537695177335,-0.05555555555555555,-0.05555555555555555
375,LOUI.ERIKSSON,Offense,730,170,45100000,17.624392804472908,0.2328767123287671,0.2328767123287671
376,LUCA.SBISA,Defence,465,-72,21250000,16.8718674533347,-0.15483870967741936,-0.15483870967741936
377,LUKAS.SEDLAK,Offense,62,7,1650000,14.316285845876763,0.11290322580645161,0.11290322580645161
378,LUKE.GAZDIC,Offense,147,-19,1600000,14.28551418721001,-0.1292517006802721,-0.1292517006802721
379,LUKE.GLENDENING,Offense,293,-103,5484999,15.517527469376045,-0.3515358361774744,-0.3515358361774744
380,LUKE.SCHENN,Defence,643,-222,22250000,16.917852566576524,-0.3452566096423017,-0.3452566096423017
381,MARC-ANDRE.BERGERON,Defence,277,84,3750000,15.137266397946593,0.30324909747292417,0.30324909747292417
382,MARC-ANDRE.CLICHE,Offense,151,-49,700000,13.458835614025542,-0.32450331125827814,-0.32450331125827814
383,MARC-EDOUARD.VLASIC,Defence,730,9,40650000,17.520509393958093,0.012328767123287671,0.012328767123287671
384,MARC.METHOT,Defence,558,-126,33625000,17.330780395886276,-0.22580645161290322,-0.22580645161290322
385,MARCO.SCANDELLA,Defence,373,-59,19336666,16.777513644297322,-0.1581769436997319,-0.1581769436997319
386,MARC.SAVARD,Offense,221,115,13054286,16.38462706693071,0.5203619909502263,0.5203619909502263
387,MARC.STAAL,Defence,689,-106,43468333,17.587543253943487,-0.15384615384615385,-0.15384615384615385
388,MARCUS.FOLIGNO,Offense,347,-30,13403334,16.411014039944217,-0.08645533141210375,-0.08645533141210375
389,MARCUS.JOHANSSON,Offense,501,183,23300000,16.963963918535928,0.3652694610778443,0.3652694610778443
390,MARCUS.KRUGER,Offense,398,-64,14869999,16.51485625118684,-0.16080402010050251,-0.16080402010050251
391,MAREK.ZIDLICKY,Defence,608,120,20511290,16.836486024218903,0.19736842105263158,0.19736842105263158
392,MARIAN.GABORIK,Offense,579,256,55144231,17.825462692571204,0.4421416234887737,0.4421416234887737
393,MARIAN.HOSSA,Offense,679,244,47475000,17.675713814662625,0.3593519882179676,0.3593519882179676
394,MARK.BARBERIO,Defence,193,4,3579125,15.090628915095238,0.02072538860103627,0.02072538860103627
395,MARK.BOROWIECKI,Defence,216,-46,5075000,15.439837082892126,-0.21296296296296297,-0.21296296296296297
396,MARK.FAYNE,Defence,389,-88,10392500,16.15659495010893,-0.2262210796915167,-0.2262210796915167
397,MARK.GIORDANO,Defence,617,116,42133334,17.556349766831705,0.1880064829821718,0.1880064829821718
398,MARK.LETESTU,Offense,478,-25,9650000,16.082468473315167,-0.05230125523012552,-0.05230125523012552
399,MARK.PYSYK,Defence,207,-44,8586666,15.965721092892563,-0.21256038647342995,-0.21256038647342995
400,MARK.SCHEIFELE,Offense,306,111,21389999,16.87843403430777,0.3627450980392157,0.3627450980392157
401,MARK.STONE,Offense,249,97,11433974,16.25209965688358,0.3895582329317269,0.3895582329317269
402,MARK.STREIT,Defence,659,174,30551625,17.234928433656624,0.26403641881638845,0.26403641881638845
403,MARK.STUART,Defence,640,-145,17408333,16.672459557590876,-0.2265625,-0.2265625
404,MARKUS.GRANLUND,Offense,171,-24,3143667,14.960900510891202,-0.14035087719298245,-0.14035087719298245
405,MARKUS.NUTIVAARA,Defence,66,7,817500,13.614006181753545,0.10606060606060606,0.10606060606060606
406,MARTIN.HANZAL,Offense,627,7,29450000,17.19820446806187,0.011164274322169059,0.011164274322169059
407,MARTIN.HAVLAT,Offense,387,111,26500000,17.09265529095645,0.2868217054263566,0.2868217054263566
408,MARTIN.MARINCIN,Defence,175,-45,1950000,14.48333993053993,-0.2571428571428571,-0.2571428571428571
409,MASON.RAYMOND,Offense,545,53,14318333,16.477051302106005,0.09724770642201835,0.09724770642201835
410,MATHEW.DUMBA,Defence,9,1,6841237,15.73847912120093,0.1111111111111111,0.1111111111111111
411,MATHIEU.PERREAULT,Offense,426,113,20541666,16.837965869204655,0.2652582159624413,0.2652582159624413
412,MATT.BARTKOWSKI,Defence,235,-40,5725000,15.560353107404577,-0.1702127659574468,-0.1702127659574468
413,MATT.BELESKEY,Offense,458,25,20708334,16.846046785906115,0.05458515283842795,0.05458515283842795
414,MATT.CALVERT,Offense,347,-41,10000000,16.11809565095832,-0.11815561959654179,-0.11815561959654179
415,MATT.CARKNER,Defence,236,-55,6121505,15.627318539289043,-0.2330508474576271,-0.2330508474576271
416,MATT.CARLE,Defence,641,111,35979166,17.39845060667382,0.1731669266770671,0.1731669266770671
417,MATT.COOKE,Offense,540,-65,11600000,16.266515656076592,-0.12037037037037036,-0.12037037037037036
418,MATT.CULLEN,Offense,694,54,23175000,16.958584669416194,0.07780979827089338,0.07780979827089338
419,MATT.DONOVAN,Defence,67,-8,826875,13.625408813851358,-0.11940298507462686,-0.11940298507462686
420,MATT.DUCHENE,Offense,572,70,38800000,17.4739308045935,0.12237762237762238,0.12237762237762238
421,MATT.ELLIS,Offense,340,-43,2222473,14.614131097814964,-0.1264705882352941,-0.1264705882352941
422,MATT.GREENE,Defence,510,-131,23083333,16.95462139992318,-0.2568627450980392,-0.2568627450980392
423,MATT.HALISCHUK,Offense,280,-9,3550000,15.082458161451598,-0.03214285714285714,-0.03214285714285714
424,MATT.HENDRICKS,Offense,521,-126,9819359,16.099866403251063,-0.2418426103646833,-0.2418426103646833
425,MATTHEW.TKACHUK,Offense,76,34,1850000,14.430696197054507,0.4473684210526316,0.4473684210526316
426,MATT.HUNWICK,Defence,478,-72,13550000,16.421897105289982,-0.1506276150627615,-0.1506276150627615
427,MATTIAS.EKHOLM,Defence,309,-6,14225000,16.47051153797667,-0.019417475728155338,-0.019417475728155338
428,MATTIAS.JANMARK,Offense,73,12,733750,13.505923650124442,0.1643835616438356,0.1643835616438356
429,MATTIAS.OHLUND,Defence,273,-32,10821429,16.1970388929024,-0.11721611721611722,-0.11721611721611722
430,MATT.IRWIN,Defence,225,33,3225000,14.98644350821201,0.14666666666666667,0.14666666666666667
431,MATT.MARTIN,Offense,520,-75,12763332,16.362086930319443,-0.14423076923076922,-0.14423076923076922
432,MATT.MOULSON,Offense,635,168,34884401,17.367550324504315,0.26456692913385826,0.26456692913385826
433,MATT.NIETO,Offense,245,-60,3385834,15.035110815074733,-0.24489795918367346,-0.24489795918367346
434,MATT.NISKANEN,Defence,732,146,37200000,17.431819319243374,0.1994535519125683,0.1994535519125683
435,MATT.READ,Offense,418,-27,12675000,16.35514210744152,-0.0645933014354067,-0.0645933014354067
436,MATT.STAJAN,Offense,626,-88,28250000,17.156604015556724,-0.14057507987220447,-0.14057507987220447
437,MAX.DOMI,Offense,140,35,1726666,14.361702939467095,0.25,0.25
438,MAX.PACIORETTY,Offense,562,177,32000000,17.281246460764002,0.31494661921708184,0.31494661921708184
439,MELKER.KARLSSON,Offense,184,-7,7300000,15.80338490611862,-0.03804347826086957,-0.03804347826086957
440,MICHAEL.FROLIK,Offense,658,35,29199999,17.189679232991935,0.05319148936170213,0.05319148936170213
441,MICHAEL.GRABNER,Offense,473,-44,19093333,16.764849774490454,-0.09302325581395349,-0.09302325581395349
442,MICHAEL.MATHESON,Defence,84,-18,6725000,15.721342483452178,-0.21428571428571427,-0.21428571428571427
443,MICHAEL.RAFFL,Offense,269,-1,9250000,16.04013410948861,-0.0037174721189591076,-0.0037174721189591076
444,MICHAEL.STONE,Defence,343,-64,15041666,16.52633464162788,-0.18658892128279883,-0.18658892128279883
445,MICHAL.KEMPNY,Defence,50,-6,900000,13.710150042306449,-0.12,-0.12
446,MICHAL.ROZSIVAL,Defence,564,22,23250000,16.96181568999764,0.03900709219858156,0.03900709219858156
447,MIKAEL.BACKLUND,Offense,461,20,16985999,16.647899974450077,0.04338394793926247,0.04338394793926247
448,MIKAEL.GRANLUND,Offense,321,76,19725000,16.79739742469621,0.2367601246105919,0.2367601246105919
449,MIKA.ZIBANEJAD,Offense,337,54,18071624,16.70985353124731,0.16023738872403562,0.16023738872403562
450,MIKE.BROWN,Offense,407,-75,5605667,15.539288608300414,-0.18427518427518427,-0.18427518427518427
451,MIKE.FISHER,Offense,703,27,34000000,17.341871082580436,0.03840682788051209,0.03840682788051209
452,MIKE.GREEN,Defence,629,338,51999999,17.766754257314933,0.5373608903020668,0.5373608903020668
453,MIKE.HOFFMAN,Offense,260,99,18508808,16.73375728485316,0.38076923076923075,0.38076923076923075
454,MIKE.RIBEIRO,Offense,717,260,21327776,16.875520818719817,0.36262203626220363,0.36262203626220363
455,MIKE.RICHARDS,Offense,611,106,35231452,17.377449764341797,0.1734860883797054,0.1734860883797054
456,MIKE.SANTORELLI,Offense,406,-28,6268278,15.65101223373999,-0.06896551724137931,-0.06896551724137931
457,MIKE.WEAVER,Defence,484,-141,5681282,15.55268746945532,-0.29132231404958675,-0.29132231404958675
458,MIKE.WEBER,Defence,351,-111,7458334,15.824842622842555,-0.3162393162393162,-0.3162393162393162
459,MIKHAIL.GRABOVSKI,Offense,530,97,32200000,17.287477010514635,0.1830188679245283,0.1830188679245283
460,MIKHAIL.GRIGORENKO,Offense,217,-19,1975000,14.496078956317358,-0.08755760368663594,-0.08755760368663594
461,MIKKEL.BOEDKER,Offense,542,36,26500000,17.09265529095645,0.06642066420664207,0.06642066420664207
462,MIKKO.KOIVU,Offense,695,202,59250000,17.897276337979516,0.2906474820143885,0.2906474820143885
463,MIKKO.RANTANEN,Offense,84,-14,2682501,14.8022601262735,-0.16666666666666666,-0.16666666666666666
464,MILAN.LUCIC,Offense,728,281,48868332,17.704640137294913,0.385989010989011,0.385989010989011
465,MILAN.MICHALEK,Offense,585,111,29666665,17.20553458284853,0.18974358974358974,0.18974358974358974
466,MILES.WOOD,Offense,61,-10,925000,13.737549016494562,-0.16393442622950818,-0.16393442622950818
467,MORGAN.RIELLY,Defence,312,-67,17000834,16.648772959640674,-0.21474358974358973,-0.21474358974358973
468,NAIL.YAKUPOV,Offense,292,-40,7937500,15.887108922183085,-0.136986301369863,-0.136986301369863
469,NATE.SCHMIDT,Defence,200,21,6075000,15.619692547190887,0.105,0.105
470,NATE.THOMPSON,Offense,545,-203,12675000,16.35514210744152,-0.3724770642201835,-0.3724770642201835
471,NATHAN.BEAULIEU,Defence,225,37,7625538,15.847013435345744,0.16444444444444445,0.16444444444444445
472,NATHAN.GERBE,Offense,394,0,8650000,15.973069878908062,0.0,0.0
473,NATHAN.MACKINNON,Offense,300,54,20962500,16.8582456851136,0.18,0.18
474,NAZEM.KADRI,Offense,408,74,26010000,17.073991637424836,0.18137254901960784,0.18137254901960784
475,NICK.BJUGSTAD,Offense,280,-19,18350396,16.72516171261347,-0.06785714285714285,-0.06785714285714285
476,NICK.BONINO,Offense,407,34,16789250,16.636249358609916,0.08353808353808354,0.08353808353808354
477,NICK.FOLIGNO,Offense,694,130,34499999,17.35646985301608,0.1873198847262248,0.1873198847262248
478,NICK.HOLDEN,Defence,301,-11,6150000,15.631962639782701,-0.036544850498338874,-0.036544850498338874
479,NICKLAS.BACKSTROM,Offense,734,466,61150000,17.928840420097455,0.6348773841961853,0.6348773841961853
480,NICK.LEDDY,Defence,498,103,29200000,17.18967926723851,0.20682730923694778,0.20682730923694778
481,NICK.SCHMALTZ,Offense,61,16,1850000,14.430696197054507,0.26229508196721313,0.26229508196721313
482,NICK.SCHULTZ,Defence,700,-220,20108974,16.816676741053964,-0.3142857142857143,-0.3142857142857143
483,NICK.SHORE,Offense,172,-20,2125000,14.569282360340654,-0.11627906976744186,-0.11627906976744186
484,NICK.SPALING,Offense,437,-103,8737500,15.983134665524203,-0.23569794050343248,-0.23569794050343248
485,NICOLAS.DESLAURIERS,Offense,211,-59,2825000,14.854018922562679,-0.2796208530805687,-0.2796208530805687
486,NIKITA.KUCHEROV,Offense,285,159,15852006,16.578806611793528,0.5578947368421052,0.5578947368421052
487,NIKITA.NESTEROV,Defence,132,12,1467500,14.199070830684388,0.09090909090909091,0.09090909090909091
488,NIKITA.NIKITIN,Defence,259,-26,13900000,16.44739939810092,-0.10038610038610038,-0.10038610038610038
489,NIKITA.ZAITSEV,Defence,82,-10,9000000,16.012735135300492,-0.12195121951219512,-0.12195121951219512
490,NIKLAS.HJALMARSSON,Defence,623,-64,35143333,17.374945485400055,-0.10272873194221509,-0.10272873194221509
491,NIKLAS.KRONWALL,Defence,614,40,42250000,17.559114911767455,0.06514657980456026,0.06514657980456026
492,NIKOLAJ.EHLERS,Offense,154,34,7788334,15.868137531046667,0.22077922077922077,0.22077922077922077
493,NINO.NIEDERREITER,Offense,389,74,18500001,16.733281344102608,0.19023136246786632,0.19023136246786632
494,NOAH.HANIFIN,Defence,160,1,1850000,14.430696197054507,0.00625,0.00625
495,OLIVER.EKMAN-LARSSON,Defence,494,28,34800000,17.365127944744703,0.05668016194331984,0.05668016194331984
496,OLLI.JOKINEN,Offense,590,84,20801075,16.85051522602835,0.1423728813559322,0.1423728813559322
497,OLLI.MAATTA,Defence,220,40,14038331,16.457302074851913,0.18181818181818182,0.18181818181818182
498,ONDREJ.KASE,Offense,53,-1,670000,13.415032991367148,-0.018867924528301886,-0.018867924528301886
499,ONDREJ.PALAT,Offense,307,124,21174999,16.86833175127689,0.40390879478827363,0.40390879478827363
500,OSCAR.KLEFBOM,Defence,189,-24,14149921,16.465219598999067,-0.12698412698412698,-0.12698412698412698
501,OSCAR.LINDBERG,Offense,134,19,4700000,15.363073066680286,0.1417910447761194,0.1417910447761194
502,PASCAL.DUPUIS,Offense,513,-16,20800000,16.850463544671545,-0.031189083820662766,-0.031189083820662766
503,PATRICE.BERGERON,Offense,669,230,58875000,17.890927110300854,0.34379671150971597,0.34379671150971597
504,PATRIC.HORNQVIST,Offense,579,283,31083332,17.252182284924647,0.48877374784110533,0.48877374784110533
505,PATRICK.BORDELEAU,Offense,129,-6,2000000,14.508657738524219,-0.046511627906976744,-0.046511627906976744
506,PATRICK.EAVES,Offense,492,26,12996154,16.380164025500857,0.052845528455284556,0.052845528455284556
507,PATRICK.KALETA,Offense,340,-53,4837500,15.391908616320174,-0.15588235294117647,-0.15588235294117647
508,PATRICK.KANE,Offense,739,414,74375000,18.12463042183007,0.5602165087956699,0.5602165087956699
509,PATRICK.MARLEAU,Offense,774,247,66400000,18.01120761444666,0.31912144702842377,0.31912144702842377
510,PATRICK.MAROON,Offense,301,61,6200000,15.64005985001532,0.2026578073089701,0.2026578073089701
511,PATRICK.SHARP,Offense,672,272,42000000,17.553180176247643,0.40476190476190477,0.40476190476190477
512,PATRICK.WIERCIOCH,Defence,268,32,6800000,15.732433170146335,0.11940298507462686,0.11940298507462686
513,PATRIK.BERGLUND,Offense,637,91,28193332,17.154596054048003,0.14285714285714285,0.14285714285714285
514,PATRIK.ELIAS,Offense,569,134,40500000,17.516812532076766,0.23550087873462214,0.23550087873462214
515,PATRIK.LAINE,Offense,73,27,1850000,14.430696197054507,0.3698630136986301,0.3698630136986301
516,PAUL.BISSONNETTE,Offense,202,7,3200000,14.978661367769956,0.034653465346534656,0.034653465346534656
517,PAUL.BYRON,Offense,281,-13,6012100,15.609284663116537,-0.046263345195729534,-0.046263345195729534
518,PAUL.GAUSTAD,Offense,593,-86,19900000,16.80623028969472,-0.14502529510961215,-0.14502529510961215
519,PAUL.MARTIN,Defence,623,97,44400000,17.608750027402454,0.15569823434991975,0.15569823434991975
520,PAUL.STASTNY,Offense,660,182,61000000,17.926384422137584,0.27575757575757576,0.27575757575757576
521,PAVEL.BUCHNEVICH,Offense,41,15,1850000,14.430696197054507,0.36585365853658536,0.36585365853658536
522,PAVEL.DATSYUK,Offense,588,401,48500000,17.697074355907713,0.6819727891156463,0.6819727891156463
523,PETER.HARROLD,Defence,262,-20,3656719,15.112076855240234,-0.07633587786259542,-0.07633587786259542
524,PETER.HOLLAND,Offense,243,-21,2850000,14.862829552244833,-0.08641975308641975,-0.08641975308641975
525,PHILLIP.DANAULT,Offense,135,-12,2688333,14.804431856880768,-0.08888888888888889,-0.08888888888888889
526,PIERRE-EDOUARD.BELLEMARE,Offense,237,-79,4325000,15.279922698348116,-0.3333333333333333,-0.3333333333333333
527,PIERRE-MARC.BOUCHARD,Offense,318,95,16320000,16.607901907500235,0.29874213836477986,0.29874213836477986
528,P.K..SUBBAN,Defence,500,159,52500000,17.776323727561852,0.318,0.318
529,RADEK.FAKSA,Offense,125,-21,5263333,15.47627503423249,-0.168,-0.168
530,RADIM.VRBATA,Offense,669,195,28500000,17.16541464523888,0.2914798206278027,0.2914798206278027
531,RADKO.GUDAS,Defence,269,-39,12251927,16.321193788706147,-0.1449814126394052,-0.1449814126394052
532,RAFFI.TORRES,Offense,359,25,10270000,16.144737581904742,0.06963788300835655,0.06963788300835655
533,RAPHAEL.DIAZ,Defence,201,0,2176282,14.593128474149422,0.0,0.0
534,RASMUS.RISTOLAINEN,Defence,273,-65,18262500,16.720360335041093,-0.23809523809523808,-0.23809523809523808
535,REILLY.SMITH,Offense,365,74,19150000,16.767813273590928,0.20273972602739726,0.20273972602739726
536,RENE.BOURQUE,Offense,602,-21,19376566,16.779574955743907,-0.03488372093023256,-0.03488372093023256
537,RICHARD.PANIK,Offense,263,16,8769253,15.986762183981739,0.060836501901140684,0.060836501901140684
538,RICKARD.RAKELL,Offense,236,61,13201664,16.39585344021769,0.2584745762711864,0.2584745762711864
539,RICK.NASH,Offense,705,163,67800000,18.032072752910626,0.23120567375886525,0.23120567375886525
540,RILEY.NASH,Offense,323,-26,4804166,15.384994016122903,-0.0804953560371517,-0.0804953560371517
541,RILEY.SHEAHAN,Offense,284,-11,7001446,15.761627257115219,-0.03873239436619718,-0.03873239436619718
542,R.J..UMBERGER,Offense,281,-29,31250000,17.257529934146685,-0.10320284697508897,-0.10320284697508897
543,ROBBY.FABBRI,Offense,123,11,1788334,14.396795018165337,0.08943089430894309,0.08943089430894309
544,ROB.SCUDERI,Defence,571,-144,23725000,16.982039902460265,-0.2521891418563923,-0.2521891418563923
545,ROMAN.JOSI,Defence,406,48,24875000,17.02937384100893,0.11822660098522167,0.11822660098522167
546,ROMAN.POLAK,Defence,615,-142,19300000,16.775615653875114,-0.23089430894308943,-0.23089430894308943
547,RON.HAINSEY,Defence,740,-192,34499999,17.35646985301608,-0.2594594594594595,-0.2594594594594595
548,RYAN.CALLAHAN,Offense,624,65,43026923,17.57733659400789,0.10416666666666667,0.10416666666666667
549,RYAN.CARTER,Offense,473,-72,4900000,15.404745763080856,-0.1522198731501057,-0.1522198731501057
550,RYAN.DZINGEL,Offense,111,16,4350000,15.285686403064867,0.14414414414414414,0.14414414414414414
551,RYANE.CLOWE,Offense,414,121,29050000,17.184529041262195,0.2922705314009662,0.2922705314009662
552,RYAN.ELLIS,Defence,352,86,11680000,16.273388535364354,0.24431818181818182,0.24431818181818182
553,RYAN.GARBUTT,Offense,305,-44,3850000,15.163583706263967,-0.14426229508196722,-0.14426229508196722
554,RYAN.GETZLAF,Offense,722,379,70800000,18.075369558663947,0.5249307479224377,0.5249307479224377
555,RYAN.JOHANSEN,Offense,433,99,28870000,17.178313551639118,0.22863741339491916,0.22863741339491916
556,RYAN.KESLER,Offense,738,112,45500000,17.633222883921178,0.15176151761517614,0.15176151761517614
557,RYAN.MCDONAGH,Defence,467,93,29950000,17.215039882525733,0.19914346895074947,0.19914346895074947
558,RYAN.MURRAY,Defence,220,-3,7438334,15.822157457003206,-0.013636363636363636,-0.013636363636363636
559,RYAN.NUGENT-HOPKINS,Offense,395,42,31850000,17.276547939982446,0.10632911392405063,0.10632911392405063
560,RYAN.O'REILLY,Offense,570,-11,47140000,17.66863245547226,-0.01929824561403509,-0.01929824561403509
561,RYAN.REAVES,Offense,419,-4,6225000,15.644084000315045,-0.00954653937947494,-0.00954653937947494
562,RYAN.SPOONER,Offense,214,59,4725000,15.36837811890998,0.2757009345794392,0.2757009345794392
563,RYAN.STROME,Offense,258,52,6939166,15.752692152350981,0.20155038759689922,0.20155038759689922
564,RYAN.SUTER,Defence,760,221,63269234,17.962909734206093,0.29078947368421054,0.29078947368421054
565,RYAN.WILSON,Defence,230,-17,8576667,15.964555934454955,-0.07391304347826087,-0.07391304347826087
566,SAM.BENNETT,Offense,159,-12,5750000,15.564710412773533,-0.07547169811320754,-0.07547169811320754
567,SAM.GAGNER,Offense,696,90,29975000,17.215874258877854,0.12931034482758622,0.12931034482758622
568,SAMI.VATANEN,Defence,265,81,17737744,16.691205356522133,0.30566037735849055,0.30566037735849055
569,SAM.REINHART,Offense,167,51,2682501,14.8022601262735,0.30538922155688625,0.30538922155688625
570,SCOTT.GOMEZ,Offense,530,60,24636751,17.01974982916923,0.11320754716981132,0.11320754716981132
571,SCOTT.HANNAN,Defence,547,-214,13000000,16.38045991542581,-0.3912248628884826,-0.3912248628884826
572,SCOTT.HARTNELL,Offense,751,279,41300000,17.53637305793126,0.3715046604527297,0.3715046604527297
573,SCOTTIE.UPSHALL,Offense,600,-10,20150000,16.818714846356965,-0.016666666666666666,-0.016666666666666666
574,SEAN.BERGENHEIM,Offense,456,-51,7757392,15.864156753196804,-0.1118421052631579,-0.1118421052631579
575,SEAN.COUTURIER,Offense,416,-45,18349999,16.725140077968938,-0.10817307692307693,-0.10817307692307693
576,SEAN.MONAHAN,Offense,319,70,21825000,16.89856665968994,0.219435736677116,0.219435736677116
577,SEBASTIAN.AHO,Offense,82,18,1850000,14.430696197054507,0.21951219512195122,0.21951219512195122
578,SERGEI.GONCHAR,Defence,474,138,30259139,17.225308812515845,0.2911392405063291,0.2911392405063291
579,SETH.JONES,Defence,315,-38,18262500,16.720360335041093,-0.12063492063492064,-0.12063492063492064
580,SHANE.DOAN,Offense,736,164,38726134,17.472025227247105,0.22282608695652173,0.22282608695652173
581,SHANE.O'BRIEN,Defence,456,-53,6300000,15.65606019136176,-0.1162280701754386,-0.1162280701754386
582,SHAWN.HORCOFF,Offense,581,-28,34750000,17.363690129975076,-0.04819277108433735,-0.04819277108433735
583,SHAWN.MATTHIAS,Offense,524,-79,11917865,16.293549092820978,-0.15076335877862596,-0.15076335877862596
584,SHAWN.THORNTON,Offense,625,-27,7341667,15.809076486521358,-0.0432,-0.0432
585,SHAYNE.GOSTISBEHERE,Defence,142,64,10850000,16.199675637950744,0.4507042253521127,0.4507042253521127
586,SHEA.WEBER,Defence,734,172,71500001,18.08520802165025,0.23433242506811988,0.23433242506811988
587,SIDNEY.CROSBY,Offense,621,505,87000000,18.28141867661886,0.8132045088566827,0.8132045088566827
588,SLAVA.VOYNOV,Defence,190,54,13316664,16.404526741258117,0.28421052631578947,0.28421052631578947
589,STEPHANE.ROBIDAS,Defence,529,-21,18093846,16.71108243842295,-0.03969754253308128,-0.03969754253308128
590,STEPHEN.GIONTA,Offense,296,-64,3912500,15.179687113830546,-0.21621621621621623,-0.21621621621621623
591,STEVE.BERNIER,Offense,531,57,6591129,15.701235211987157,0.10734463276836158,0.10734463276836158
592,STEVE.DOWNIE,Offense,434,88,10182308,16.136162262446742,0.20276497695852536,0.20276497695852536
593,STEVEN.STAMKOS,Offense,586,262,64750000,17.98604425854392,0.447098976109215,0.447098976109215
594,STEVE.OTT,Offense,647,-116,16955769,16.646118687865755,-0.17928902627511592,-0.17928902627511592
595,SVEN.BAERTSCHI,Offense,206,1,4600000,15.341566861459324,0.0048543689320388345,0.0048543689320388345
596,TANNER.GLASS,Offense,510,-107,8425000,15.9467140342027,-0.20980392156862746,-0.20980392156862746
597,TANNER.PEARSON,Offense,226,49,11035833,16.21665808191051,0.2168141592920354,0.2168141592920354
598,TAYLOR.HALL,Offense,453,108,37800000,17.447819660589815,0.23841059602649006,0.23841059602649006
599,TEDDY.PURCELL,Offense,571,109,19575000,16.78976379984114,0.19089316987740806,0.19089316987740806
600,TEUVO.TERAVAINEN,Offense,196,26,7926573,15.885731343836333,0.1326530612244898,0.1326530612244898
601,THOMAS.HICKEY,Defence,340,-54,7950000,15.888682486630515,-0.1588235294117647,-0.1588235294117647
602,THOMAS.VANEK,Offense,721,269,50050915,17.728551345276678,0.37309292649098474,0.37309292649098474
603,TIM.GLEASON,Defence,544,-171,14640240,16.49928445980569,-0.31433823529411764,-0.31433823529411764
604,TIM.JACKMAN,Offense,450,-63,3349167,15.024222216164624,-0.14,-0.14
605,TIMO.MEIER,Offense,34,0,1788334,14.396795018165337,0.0,0.0
606,T.J..OSHIE,Offense,591,247,36425000,17.410765910045544,0.4179357021996616,0.4179357021996616
607,TOBIAS.ENSTROM,Defence,676,50,43750000,17.594002170767897,0.07396449704142012,0.07396449704142012
608,TOBIAS.RIEDER,Offense,234,-71,5303333,15.483846048792307,-0.3034188034188034,-0.3034188034188034
609,TOMAS.FLEISCHMANN,Offense,614,33,16015322,16.589056446973753,0.05374592833876222,0.05374592833876222
610,TOMAS.HERTL,Offense,249,43,8037634,15.899645319239738,0.17269076305220885,0.17269076305220885
611,TOMAS.JURCO,Offense,172,-2,2666667,14.796339935975993,-0.011627906976744186,-0.011627906976744186
612,TOMAS.PLEKANEC,Offense,769,105,44750000,17.616602002685138,0.13654096228868662,0.13654096228868662
613,TOMAS.TATAR,Offense,345,95,19480000,16.784898856178664,0.2753623188405797,0.2753623188405797
614,TOM.GILBERT,Defence,643,-116,22500000,16.929025867174648,-0.18040435458786935,-0.18040435458786935
615,TOM.KUHNHACKL,Offense,99,-9,1250000,14.038654109278484,-0.09090909090909091,-0.09090909090909091
616,TOMMY.WINGELS,Offense,372,-49,10412500,16.158517565457235,-0.13172043010752688,-0.13172043010752688
617,TOM.PYATT,Offense,327,-81,3925000,15.182876909198646,-0.24770642201834864,-0.24770642201834864
618,TOREY.KRUG,Defence,322,139,22383333,16.92382717737338,0.43167701863354035,0.43167701863354035
619,TORREY.MITCHELL,Offense,604,-115,8997809,16.01249166121864,-0.19039735099337748,-0.19039735099337748
620,TRAVIS.HAMONIC,Defence,444,-88,24892858,17.03009149298288,-0.1981981981981982,-0.1981981981981982
621,TRAVIS.KONECNY,Offense,70,4,1788334,14.396795018165337,0.05714285714285714,0.05714285714285714
622,TRAVIS.MOEN,Offense,544,-157,11561827,16.26321945370341,-0.28860294117647056,-0.28860294117647056
623,TRAVIS.ZAJAC,Offense,699,113,50050000,17.728533063725504,0.16165951359084407,0.16165951359084407
624,TREVOR.DALEY,Defence,711,-34,30733334,17.240858421550687,-0.04781997187060478,-0.04781997187060478
625,TREVOR.LEWIS,Offense,506,-90,13449916,16.41448341863946,-0.17786561264822134,-0.17786561264822134
626,TROY.BODIE,Offense,159,-16,1550000,14.253765488895429,-0.10062893081761007,-0.10062893081761007
627,TROY.BROUWER,Offense,677,141,31250001,17.257529966146684,0.20827178729689808,0.20827178729689808
628,TROY.STECHER,Defence,71,2,925000,13.737549016494562,0.028169014084507043,0.028169014084507043
629,TUOMO.RUUTU,Offense,566,74,30400000,17.22995316637645,0.13074204946996468,0.13074204946996468
630,TYLER.BOZAK,Offense,513,38,24875000,17.02937384100893,0.07407407407407407,0.07407407407407407
631,TYLER.ENNIS,Offense,419,51,31250000,17.257529934146685,0.12171837708830549,0.12171837708830549
632,TYLER.GRAOVAC,Offense,57,6,625000,13.345506928718539,0.10526315789473684,0.10526315789473684
633,TYLER.JOHNSON,Offense,308,101,20756666,16.84837800606233,0.32792207792207795,0.32792207792207795
634,TYLER.KENNEDY,Offense,526,57,8918010,16.003583385496583,0.10836501901140684,0.10836501901140684
635,TYLER.MYERS,Defence,473,-31,36524193,17.4134854209011,-0.06553911205073996,-0.06553911205073996
636,TYLER.SEGUIN,Offense,508,241,36300000,17.40732829923508,0.4744094488188976,0.4744094488188976
637,TYLER.TOFFOLI,Offense,293,123,17032223,16.65061757847115,0.4197952218430034,0.4197952218430034
638,TYSON.BARRIE,Defence,338,46,23082333,16.95457807768452,0.13609467455621302,0.13609467455621302
639,VALERI.NICHUSHKIN,Offense,166,26,1850000,14.430696197054507,0.1566265060240964,0.1566265060240964
640,VALTTERI.FILPPULA,Offense,716,84,37000000,17.4264284706085,0.11731843575418995,0.11731843575418995
641,VERNON.FIDDLER,Offense,729,-197,11350000,16.244728301891687,-0.27023319615912206,-0.27023319615912206
642,VICTOR.HEDMAN,Defence,549,26,37550000,17.44118393617442,0.04735883424408015,0.04735883424408015
643,VICTOR.RASK,Offense,242,29,12680833,16.355602198821906,0.11983471074380166,0.11983471074380166
644,VIKTOR.ARVIDSSON,Offense,142,12,9763334,16.094144498418494,0.08450704225352113,0.08450704225352113
645,VIKTOR.STALBERG,Offense,488,-13,10866263,16.201173409739585,-0.02663934426229508,-0.02663934426229508
646,VINCENT.LECAVALIER,Offense,582,109,42158948,17.55695750932439,0.1872852233676976,0.1872852233676976
647,VINCENT.TROCHECK,Offense,228,11,14911667,16.517654484649587,0.04824561403508772,0.04824561403508772
648,VLADIMIR.SOBOTKA,Offense,382,-24,10850000,16.199675637950744,-0.06282722513089005,-0.06282722513089005
649,VLADIMIR.TARASENKO,Offense,341,172,32650000,17.301355413686714,0.5043988269794721,0.5043988269794721
650,VLADISLAV.NAMESTNIKOV,Offense,201,36,5241464,15.472111406588276,0.1791044776119403,0.1791044776119403
651,WAYNE.SIMMONDS,Offense,687,185,28463332,17.164127220371785,0.2692867540029112,0.2692867540029112
652,WILLIAM.CARRIER,Offense,41,-2,690000,13.444446876573442,-0.04878048780487805,-0.04878048780487805
653,WILLIAM.KARLSSON,Offense,183,-22,2830833,14.856081572597803,-0.12021857923497267,-0.12021857923497267
654,WILLIAM.NYLANDER,Offense,103,31,1788334,14.396795018165337,0.30097087378640774,0.30097087378640774
655,WILLIE.MITCHELL,Defence,522,-99,22500000,16.929025867174648,-0.1896551724137931,-0.1896551724137931
656,XAVIER.OUELLET,Defence,96,-6,3215000,14.983337915653857,-0.0625,-0.0625
657,YANNICK.WEBER,Defence,347,5,7086667,15.773725689246653,0.01440922190201729,0.01440922190201729
658,ZACH.BOGOSIAN,Defence,534,-118,34123271,17.345490143519132,-0.2209737827715356,-0.2209737827715356
659,ZACH.HYMAN,Offense,98,-27,5425000,15.506528457390797,-0.2755102040816326,-0.2755102040816326
660,ZACH.PARISE,Offense,667,311,65019234,17.990193691780174,0.4662668665667166,0.4662668665667166
661,ZACK.KASSIAN,Offense,313,-21,9770000,16.094827024018965,-0.0670926517571885,-0.0670926517571885
662,ZACK.SMITH,Offense,474,-65,15328427,16.54521963632042,-0.1371308016877637,-0.1371308016877637
663,ZAC.RINALDO,Offense,275,-39,2040000,14.528460365820399,-0.14181818181818182,-0.14181818181818182
664,ZBYNEK.MICHALEK,Defence,597,-164,24090860,16.9973430734142,-0.2747068676716918,-0.2747068676716918
665,ZDENO.CHARA,Defence,739,173,60500000,17.91815392300107,0.23410013531799728,0.23410013531799728
666,ZEMGUS.GIRGENSONS,Offense,277,-75,6350834,15.664096700827395,-0.27075812274368233,-0.27075812274368233
